{"train_loss": [0.2219537439254614, 0.15847322058219176, 0.12863601228365532, 0.10322058143524024, 0.08894288568542554, 0.08104259434800881, 0.07941467143022098, 0.0749664819584443, 0.07178814336657524, 0.06741949113515708, 0.06296818932661644, 0.059568875684187964, 0.06384246796369553, 0.05573195333664234, 0.056657034903764725, 0.05557855132680673, 0.05593625685343376, 0.05574685163222826, 0.05341892059032734, 0.05519378041991821, 0.05024011304172186, 0.050918709486722946, 0.04717722391852966, 0.04923097216165983, 0.04787782593988455, 0.04742255978859388, 0.05044369471187775, 0.04843015753878997, 0.05058063050875297, 0.0477917968080594, 0.05101212085439609, 0.04557356983423233, 0.04358375416352199, 0.045011098424975686, 0.04493109566661028, 0.041236500900525316, 0.042852149273340516, 0.043833426844615206, 0.04700882704212116, 0.04587441797439869, 0.040450129084862195, 0.04089700015118489, 0.041960263481506936, 0.03722609651203339, 0.03806417148846846, 0.03895636920172434, 0.04010739464026231], "val_loss": [0.20335620269179344, 0.15846731141209602, 0.12063947319984436, 0.09436950646340847, 0.08321668207645416, 0.07220698148012161, 0.07030926458537579, 0.06368981394916773, 0.05948385130614042, 0.0564843500033021, 0.05416836403310299, 0.05234531871974468, 0.050539094023406506, 0.049750098027288914, 0.04902529809623957, 0.04823220428079367, 0.04536811634898186, 0.04569667857140303, 0.044911515433341265, 0.04391642054542899, 0.045260671991854906, 0.04540662979707122, 0.044516820926219225, 0.04388314951211214, 0.04500735877081752, 0.04376287292689085, 0.04298621183261275, 0.043492082972079515, 0.043929372914135456, 0.04371679713949561, 0.04385597165673971, 0.043294837698340416, 0.045107653830200434, 0.04386578081175685, 0.04338635038584471, 0.04384554596617818, 0.043452256359159946, 0.04566455818712711, 0.04459714610129595, 0.04568968340754509, 0.04597868863493204, 0.04440655745565891, 0.0456165773794055, 0.0470532663166523, 0.04652922507375479, 0.04903205670416355, 0.04735195729881525]}